<?xml version="1.0" encoding="UTF-8" standalone="yes"?>
<addon id="plugin.audio.simple_station_fr" name="Radios francophones" version="0.0.1" provider-name="lambda-isel">
  <requires>
    <import addon="script.module.simple_station"/>
    <import addon="xbmc.python" version="2.26.0"/>
  </requires>
  <extension point="xbmc.python.pluginsource" library="addon.py">
    <provides>audio</provides>
  </extension>
  <extension point="xbmc.addon.metadata">
    <summary>Radios francophones</summary>
    <description>Ecoutez les directs et les rediffusions de stations radio francophones avec Kodi</description>
    <platform>all</platform>
    <license>GPL-2.0-or-later</license>
    <forum>https://github.com/lambda-isel/plugin.audio.simple_station_fr/issues</forum>
    <website>https://github.com/lambda-isel/plugin.audio.simple_station_fr</website>
    <source>https://github.com/lambda-isel/plugin.audio.simple_station_fr</source>
    <news>https://github.com/lambda-isel/plugin.audio.simple_station_fr/commits</news>
    <assets>
      <icon>resources/icon.png</icon>
    </assets>
  </extension>
</addon>
