<?xml version="1.0" encoding="UTF-8" standalone="yes"?>
<addon id="script.module.simple_plugin" name="Simple Plugin" version="0.0.1" provider-name="lambda-isel">
  <requires>
    <import addon="xbmc.python" version="2.26.0"/>
  </requires>
  <extension point="xbmc.python.module" library="lib"/>
  <extension point="xbmc.addon.metadata">
    <summary lang="en_GB">Simple Plugin</summary>
    <description lang="en_GB">Simple Plugin converts a plugin URL into a method call</description>
    <language>en-GB</language>
    <platform>all</platform>
    <license>GPL-2.0-or-later</license>
    <forum>https://github.com/lambda-isel/script.module.simple_plugin/issues</forum>
    <website>https://github.com/lambda-isel/script.module.simple_plugin</website>
    <source>https://github.com/lambda-isel/script.module.simple_plugin</source>
    <news>https://github.com/lambda-isel/script.module.simple_plugin/commits</news>
  </extension>
</addon>
